category_slug,category,page_url,published,updated,vendor_count
3pl-management-software,3PL Management Software,https://statwharf.com/best/3pl-management-software/,2026-09-20,2026-09-23,9
3pl-warehouse-management-software,3PL Warehouse Management Software,https://statwharf.com/best/3pl-warehouse-management-software/,2026-09-23,2026-09-23,10
account-reconciliation-software,Account Reconciliation Software,https://statwharf.com/best/account-reconciliation-software/,2026-09-20,2026-09-23,10
accounting-software,Accounting Software,https://statwharf.com/best/accounting-software/,2026-09-06,2026-09-23,10
accounts-receivable-automation-software,Accounts Receivable Automation Software,https://statwharf.com/best/accounts-receivable-automation-software/,2026-09-23,2026-09-23,10
accounts-receivable-software,Accounts Receivable Software,https://statwharf.com/best/accounts-receivable-software/,2026-09-19,2026-09-23,10
ai-call-center-software,AI Call Center Software,https://statwharf.com/best/ai-call-center-software/,2026-09-19,2026-09-23,8
ai-chatbots,AI Chatbots,https://statwharf.com/best/ai-chatbots/,2026-09-06,2026-09-23,9
ai-contact-center-platforms,AI Contact Center Platforms,https://statwharf.com/best/ai-contact-center-platforms/,2026-09-20,2026-09-23,10
ai-customer-service-software,AI Customer Service Software,https://statwharf.com/best/ai-customer-service-software/,2026-09-22,2026-09-22,10
ai-meeting-assistant-tools,AI Meeting Assistant Tools,https://statwharf.com/best/ai-meeting-assistant-tools/,2026-09-25,2026-09-25,10
ai-model-deployment-platforms,AI Model Deployment Platforms,https://statwharf.com/best/ai-model-deployment-platforms/,2026-09-22,2026-09-22,10
ai-recruiting-platforms,AI Recruiting Platforms,https://statwharf.com/best/ai-recruiting-platforms/,2026-09-20,2026-09-23,10
ai-sales-assistant-software,AI Sales Assistant Software,https://statwharf.com/best/ai-sales-assistant-software/,2026-09-20,2026-09-23,10
ai-search-optimization-platforms,AI Search Optimization Platforms,https://statwharf.com/best/ai-search-optimization-platforms/,2026-09-06,2026-09-23,12
ai-seo-agencies,AI SEO Agencies,https://statwharf.com/best/ai-seo-agencies/,2026-09-20,2026-09-23,9
ai-talent-acquisition-platforms,AI Talent Acquisition Platforms,https://statwharf.com/best/ai-talent-acquisition-platforms/,2026-09-23,2026-09-23,10
ai-video-generators,AI Video Generators,https://statwharf.com/best/ai-video-generators/,2026-09-22,2026-09-22,9
ai-visibility-tools,AI Visibility Tools,https://statwharf.com/best/ai-visibility-tools/,2026-09-22,2026-09-23,10
ai-voice-agent-platforms,AI Voice Agent Platforms,https://statwharf.com/best/ai-voice-agent-platforms/,2026-09-06,2026-09-11,10
ai-voice-agents-customer-support-platforms,AI Voice Agents Customer Support Platforms,https://statwharf.com/best/ai-voice-agents-customer-support-platforms/,2026-09-23,2026-09-23,10
ai-voice-agents,AI Voice Agents,https://statwharf.com/best/ai-voice-agents/,2026-09-06,2026-09-11,10
ai-voice-assistants,AI Voice Assistants,https://statwharf.com/best/ai-voice-assistants/,2026-09-06,2026-09-11,10
ai-voice-generators,AI Voice Generators,https://statwharf.com/best/ai-voice-generators/,2026-09-20,2026-09-23,9
ai-workflow-automation-platforms,AI Workflow Automation Platforms,https://statwharf.com/best/ai-workflow-automation-platforms/,2026-09-25,2026-09-25,10
amazon-dsp-agencies,Amazon DSP Agencies,https://statwharf.com/best/amazon-dsp-agencies/,2026-09-23,2026-09-23,10
amazon-ppc-management-agencies,Amazon PPC Management Agencies,https://statwharf.com/best/amazon-ppc-management-agencies/,2026-09-20,2026-09-23,9
aml-software,AML Software,https://statwharf.com/best/aml-software/,2026-09-06,2026-09-23,10
aml-transaction-monitoring-software,AML Transaction Monitoring Software,https://statwharf.com/best/aml-transaction-monitoring-software/,2026-09-23,2026-09-23,10
answer-engine-optimization-tools,Answer Engine Optimization Tools,https://statwharf.com/best/answer-engine-optimization-tools/,2026-09-06,2026-09-23,10
b2b-customer-portal-software,B2B Customer Portal Software,https://statwharf.com/best/b2b-customer-portal-software/,2026-09-22,2026-09-23,9
b2b-ecommerce-platforms,B2B Ecommerce Platforms,https://statwharf.com/best/b2b-ecommerce-platforms/,2026-09-18,2026-09-23,10
b2b-order-management-software-platforms,B2B Order Management Software Platforms,https://statwharf.com/best/b2b-order-management-software-platforms/,2026-09-23,2026-09-23,10
b2b-saas-marketing-agencies,B2B SaaS Marketing Agencies,https://statwharf.com/best/b2b-saas-marketing-agencies/,2026-09-19,2026-09-23,8
b2b-saas-ppc-agencies,B2B SaaS PPC Agencies,https://statwharf.com/best/b2b-saas-ppc-agencies/,2026-09-20,2026-09-23,10
b2b-tech-pr-agencies,B2B Tech PR Agencies,https://statwharf.com/best/b2b-tech-pr-agencies/,2026-09-19,2026-09-23,10
board-portal-software-for-enterprise,Board Portal Software for Enterprise,https://statwharf.com/best/board-portal-software-for-enterprise/,2026-09-15,2026-09-23,6
board-portal-software-for-startups,Board Portal Software for Startups,https://statwharf.com/best/board-portal-software-for-startups/,2026-09-15,2026-09-23,6
board-portal-software,Board Portal Software,https://statwharf.com/best/board-portal-software/,2026-09-07,2026-09-23,10
brand-monitoring-tools,Brand Monitoring Tools,https://statwharf.com/best/brand-monitoring-tools/,2026-09-07,2026-09-23,10
business-intelligence-tools,Business Intelligence Tools,https://statwharf.com/best/business-intelligence-tools/,2026-09-20,2026-09-23,10
business-phone-systems,Business Phone Systems,https://statwharf.com/best/business-phone-systems/,2026-09-22,2026-09-23,9
call-center-compliance-monitoring-software,Call Center Compliance Monitoring Software,https://statwharf.com/best/call-center-compliance-monitoring-software/,2026-09-23,2026-09-23,10
call-center-quality-management-software,Call Center Quality Management Software,https://statwharf.com/best/call-center-quality-management-software/,2026-09-22,2026-09-22,10
cdc-tools,CDC Tools,https://statwharf.com/best/cdc-tools/,2026-09-06,2026-09-23,10
cloud-management-platforms,Cloud Management Platforms,https://statwharf.com/best/cloud-management-platforms/,2026-09-20,2026-09-23,10
cloud-migration-tools,Cloud Migration Tools,https://statwharf.com/best/cloud-migration-tools/,2026-09-25,2026-09-25,10
cloud-payroll-software-india,Cloud Payroll Software India,https://statwharf.com/best/cloud-payroll-software-india/,2026-09-23,2026-09-23,10
compliance-software,Compliance Software,https://statwharf.com/best/compliance-software/,2026-09-07,2026-09-24,10
consent-management-platforms,Consent Management Platforms,https://statwharf.com/best/consent-management-platforms/,2026-09-06,2026-09-23,10
consumer-insights-platforms,Consumer Insights Platforms,https://statwharf.com/best/consumer-insights-platforms/,2026-09-22,2026-09-22,10
contact-center-analytics-software,Contact Center Analytics Software,https://statwharf.com/best/contact-center-analytics-software/,2026-09-22,2026-09-22,9
contact-center-workforce-optimization-software,Contact Center Workforce Optimization Software,https://statwharf.com/best/contact-center-workforce-optimization-software/,2026-09-22,2026-09-22,10
conversational-ai-banking-platforms,Conversational AI Banking Platforms,https://statwharf.com/best/conversational-ai-banking-platforms/,2026-09-22,2026-09-22,9
conversational-ai-platforms,Conversational AI Platforms,https://statwharf.com/best/conversational-ai-platforms/,2026-09-07,2026-09-23,10
corporate-performance-management-software,Corporate Performance Management Software,https://statwharf.com/best/corporate-performance-management-software/,2026-09-23,2026-09-23,10
courier-management-software,Courier Management Software,https://statwharf.com/best/courier-management-software/,2026-09-22,2026-09-22,10
crm-software,CRM Software,https://statwharf.com/best/crm-software/,2026-09-06,2026-09-23,10
customer-data-platforms,Customer Data Platforms,https://statwharf.com/best/customer-data-platforms/,2026-09-19,2026-09-23,9
customer-journey-orchestration-platforms,Customer Journey Orchestration Platforms,https://statwharf.com/best/customer-journey-orchestration-platforms/,2026-09-22,2026-09-22,10
dast-tools,DAST Tools,https://statwharf.com/best/dast-tools/,2026-09-06,2026-09-23,10
data-catalog-software,Data Catalog Software,https://statwharf.com/best/data-catalog-software/,2026-09-06,2026-09-23,9
data-integration-platforms,Data Integration Platforms,https://statwharf.com/best/data-integration-platforms/,2026-09-18,2026-09-23,10
data-mapping-tools-for-enterprise,Data Mapping Tools for Enterprise,https://statwharf.com/best/data-mapping-tools-for-enterprise/,2026-09-15,2026-09-23,6
data-mapping-tools-for-startups,Data Mapping Tools for Startups,https://statwharf.com/best/data-mapping-tools-for-startups/,2026-09-15,2026-09-23,5
data-mapping-tools,Data Mapping Tools,https://statwharf.com/best/data-mapping-tools/,2026-09-07,2026-09-23,10
data-privacy-management-software,Data Privacy Management Software,https://statwharf.com/best/data-privacy-management-software/,2026-09-25,2026-09-25,10
data-quality-tools,Data Quality Tools,https://statwharf.com/best/data-quality-tools/,2026-09-25,2026-09-25,10
data-visualization-tools,Data Visualization Tools,https://statwharf.com/best/data-visualization-tools/,2026-09-20,2026-09-23,10
debt-collection-software,Debt Collection Software,https://statwharf.com/best/debt-collection-software/,2026-09-19,2026-09-23,8
decision-intelligence-platforms,Decision Intelligence Platforms,https://statwharf.com/best/decision-intelligence-platforms/,2026-09-23,2026-09-23,10
delivery-management-software,Delivery Management Software,https://statwharf.com/best/delivery-management-software/,2026-09-20,2026-09-23,10
dispatch-management-software,Dispatch Management Software,https://statwharf.com/best/dispatch-management-software/,2026-09-20,2026-09-23,10
distribution-management-software,Distribution Management Software,https://statwharf.com/best/distribution-management-software/,2026-09-23,2026-09-23,10
ecommerce-fulfillment-companies,Ecommerce Fulfillment Companies,https://statwharf.com/best/ecommerce-fulfillment-companies/,2026-09-19,2026-09-23,10
ecommerce-inventory-management-software,Ecommerce Inventory Management Software,https://statwharf.com/best/ecommerce-inventory-management-software/,2026-09-23,2026-09-23,10
ecommerce-order-management-software,Ecommerce Order Management Software,https://statwharf.com/best/ecommerce-order-management-software/,2026-09-20,2026-09-23,10
ecommerce-platforms,Ecommerce Platforms,https://statwharf.com/best/ecommerce-platforms/,2026-09-19,2026-09-23,10
ecommerce-shipping-software-platforms,Ecommerce Shipping Software Platforms,https://statwharf.com/best/ecommerce-shipping-software-platforms/,2026-09-23,2026-09-23,10
email-finder-tools,Email Finder Tools,https://statwharf.com/best/email-finder-tools/,2026-09-22,2026-09-23,8
embedded-analytics-platforms,Embedded Analytics Platforms,https://statwharf.com/best/embedded-analytics-platforms/,2026-09-19,2026-09-23,10
employee-engagement-software,Employee Engagement Software,https://statwharf.com/best/employee-engagement-software/,2026-09-25,2026-09-25,11
employee-onboarding-software,Employee Onboarding Software,https://statwharf.com/best/employee-onboarding-software/,2026-09-25,2026-09-25,10
enterprise-talent-acquisition-software,Enterprise Talent Acquisition Software,https://statwharf.com/best/enterprise-talent-acquisition-software/,2026-09-23,2026-09-23,10
erp-software,ERP Software,https://statwharf.com/best/erp-software/,2026-09-06,2026-09-23,10
erp-systems,ERP Systems,https://statwharf.com/best/erp-systems/,2026-09-06,2026-09-23,9
etl-tools,ETL Tools,https://statwharf.com/best/etl-tools/,2026-09-20,2026-09-23,10
exemption-certificate-management-software,Exemption Certificate Management Software,https://statwharf.com/best/exemption-certificate-management-software/,2026-09-06,2026-09-23,9
expense-management-software,Expense Management Software,https://statwharf.com/best/expense-management-software/,2026-09-22,2026-09-22,10
field-service-management-software,Field Service Management Software,https://statwharf.com/best/field-service-management-software/,2026-09-07,2026-09-23,10
financial-consolidation-software,Financial Consolidation Software,https://statwharf.com/best/financial-consolidation-software/,2026-09-19,2026-09-23,10
finops-tools,FinOps Tools,https://statwharf.com/best/finops-tools/,2026-09-06,2026-09-23,10
fintech-seo-agencies,Fintech SEO Agencies,https://statwharf.com/best/fintech-seo-agencies/,2026-09-20,2026-09-23,9
fraud-detection-software,Fraud Detection Software,https://statwharf.com/best/fraud-detection-software/,2026-09-19,2026-09-23,10
grc-software,GRC Software,https://statwharf.com/best/grc-software/,2026-09-06,2026-09-24,10
gst-compliance-software,GST Compliance Software,https://statwharf.com/best/gst-compliance-software/,2026-09-22,2026-09-22,8
gst-filing-software-india,GST Filing Software India,https://statwharf.com/best/gst-filing-software-india/,2026-09-23,2026-09-23,10
hr-software,HR Software,https://statwharf.com/best/hr-software/,2026-09-06,2026-09-23,10
hrms-software,HRMS Software,https://statwharf.com/best/hrms-software/,2026-09-07,2026-09-23,10
influencer-marketing-platforms,Influencer Marketing Platforms,https://statwharf.com/best/influencer-marketing-platforms/,2026-09-22,2026-09-23,10
interactive-demo-software,Interactive Demo Software,https://statwharf.com/best/interactive-demo-software/,2026-09-22,2026-09-23,10
internal-audit-management-software,Internal Audit Management Software,https://statwharf.com/best/internal-audit-management-software/,2026-09-25,2026-09-25,10
inventory-management-software,Inventory Management Software,https://statwharf.com/best/inventory-management-software/,2026-09-06,2026-09-23,10
inventory-planning-software,Inventory Planning Software,https://statwharf.com/best/inventory-planning-software/,2026-09-20,2026-09-23,10
knowledge-management-software,Knowledge Management Software,https://statwharf.com/best/knowledge-management-software/,2026-09-07,2026-09-23,10
kubernetes-cost-management-tools,Kubernetes Cost Management Tools,https://statwharf.com/best/kubernetes-cost-management-tools/,2026-09-06,2026-09-23,10
last-mile-delivery-software,Last Mile Delivery Software,https://statwharf.com/best/last-mile-delivery-software/,2026-09-20,2026-09-23,10
linkedin-automation-tools,LinkedIn Automation Tools,https://statwharf.com/best/linkedin-automation-tools/,2026-09-22,2026-09-23,10
logistics-management-platforms,Logistics Management Platforms,https://statwharf.com/best/logistics-management-platforms/,2026-09-23,2026-09-23,10
logistics-management-software,Logistics Management Software,https://statwharf.com/best/logistics-management-software/,2026-09-19,2026-09-23,10
marketing-automation-software,Marketing Automation Software,https://statwharf.com/best/marketing-automation-software/,2026-09-22,2026-09-23,10
media-intelligence-platforms,Media Intelligence Platforms,https://statwharf.com/best/media-intelligence-platforms/,2026-09-07,2026-09-23,10
media-monitoring-tools,Media Monitoring Tools,https://statwharf.com/best/media-monitoring-tools/,2026-09-07,2026-09-23,9
mobile-app-security-testing-tools,Mobile App Security Testing Tools,https://statwharf.com/best/mobile-app-security-testing-tools/,2026-09-07,2026-09-23,10
multi-carrier-shipping-software,Multi-Carrier Shipping Software,https://statwharf.com/best/multi-carrier-shipping-software/,2026-09-19,2026-09-23,10
multi-entity-accounting-software,Multi-Entity Accounting Software,https://statwharf.com/best/multi-entity-accounting-software/,2026-09-22,2026-09-22,10
nonprofit-fundraising-software,Nonprofit Fundraising Software,https://statwharf.com/best/nonprofit-fundraising-software/,2026-09-22,2026-09-22,10
operational-analytics-platforms,Operational Analytics Platforms,https://statwharf.com/best/operational-analytics-platforms/,2026-09-22,2026-09-22,10
order-management-software,Order Management Software,https://statwharf.com/best/order-management-software/,2026-09-19,2026-09-23,10
payment-processing-solutions,Payment Processing Solutions,https://statwharf.com/best/payment-processing-solutions/,2026-09-07,2026-09-23,10
payroll-software,Payroll Software,https://statwharf.com/best/payroll-software/,2026-09-06,2026-09-23,10
pr-analytics-tools,PR Analytics Tools,https://statwharf.com/best/pr-analytics-tools/,2026-09-07,2026-09-23,9
predictive-analytics-tools,Predictive Analytics Tools,https://statwharf.com/best/predictive-analytics-tools/,2026-09-19,2026-09-23,9
privileged-access-management-solutions,Privileged Access Management Solutions,https://statwharf.com/best/privileged-access-management-solutions/,2026-09-18,2026-09-23,9
product-catalog-management-software,Product Catalog Management Software,https://statwharf.com/best/product-catalog-management-software/,2026-09-22,2026-09-22,10
project-management-software,Project Management Software,https://statwharf.com/best/project-management-software/,2026-09-06,2026-09-23,10
project-management-tools,Project Management Tools,https://statwharf.com/best/project-management-tools/,2026-09-06,2026-09-23,10
returns-management-software,Returns Management Software,https://statwharf.com/best/returns-management-software/,2026-09-20,2026-09-23,10
saas-link-building-agencies,SaaS Link Building Agencies,https://statwharf.com/best/saas-link-building-agencies/,2026-09-20,2026-09-22,10
saas-seo-agencies,SaaS SEO Agencies,https://statwharf.com/best/saas-seo-agencies/,2026-09-19,2026-09-23,10
sales-tax-automation-software,Sales Tax Automation Software,https://statwharf.com/best/sales-tax-automation-software/,2026-09-22,2026-09-22,10
sales-tax-compliance-software,Sales Tax Compliance Software,https://statwharf.com/best/sales-tax-compliance-software/,2026-09-23,2026-09-23,10
sales-tax-software,Sales Tax Software,https://statwharf.com/best/sales-tax-software/,2026-09-06,2026-09-23,11
sanctions-screening-software,Sanctions Screening Software,https://statwharf.com/best/sanctions-screening-software/,2026-09-19,2026-09-23,10
sap-access-risk-management-tools,SAP Access Risk Management Tools,https://statwharf.com/best/sap-access-risk-management-tools/,2026-09-07,2026-09-23,9
sap-compliance-software,SAP Compliance Software,https://statwharf.com/best/sap-compliance-software/,2026-09-07,2026-09-23,10
sap-continuous-control-monitoring-software,SAP Continuous Control Monitoring Software,https://statwharf.com/best/sap-continuous-control-monitoring-software/,2026-09-07,2026-09-23,9
sap-grc-tools,SAP GRC Tools,https://statwharf.com/best/sap-grc-tools/,2026-09-22,2026-09-23,7
sap-identity-access-governance-solutions,SAP Identity and Access Governance Solutions,https://statwharf.com/best/sap-identity-access-governance-solutions/,2026-09-07,2026-09-23,10
sap-license-management-software,SAP License Management Software,https://statwharf.com/best/sap-license-management-software/,2026-09-07,2026-09-23,10
sap-role-management-tools,SAP Role Management Tools,https://statwharf.com/best/sap-role-management-tools/,2026-09-07,2026-09-23,9
sap-s4hana-security-software,SAP S/4HANA Security Software,https://statwharf.com/best/sap-s4hana-security-software/,2026-09-07,2026-09-23,9
sap-security-tools,SAP Security Tools,https://statwharf.com/best/sap-security-tools/,2026-09-07,2026-09-23,9
sap-segregation-of-duties-software,SAP Segregation of Duties Software,https://statwharf.com/best/sap-segregation-of-duties-software/,2026-09-07,2026-09-23,10
sap-self-service-password-reset-tools,SAP Self Service Password Reset Tools,https://statwharf.com/best/sap-self-service-password-reset-tools/,2026-09-18,2026-09-23,8
sap-user-access-review-software,SAP User Access Review Software,https://statwharf.com/best/sap-user-access-review-software/,2026-09-07,2026-09-23,10
self-service-password-reset-tools,Self Service Password Reset Tools,https://statwharf.com/best/self-service-password-reset-tools/,2026-09-20,2026-09-23,10
semantic-layer-platforms,Semantic Layer Platforms,https://statwharf.com/best/semantic-layer-platforms/,2026-09-22,2026-09-23,9
seo-agencies,SEO Agencies,https://statwharf.com/best/seo-agencies/,2026-09-19,2026-09-23,9
session-replay-tools,Session Replay Tools,https://statwharf.com/best/session-replay-tools/,2026-09-25,2026-09-25,10
shipment-tracking-software,Shipment Tracking Software,https://statwharf.com/best/shipment-tracking-software/,2026-09-19,2026-09-23,9
shipping-automation-software,Shipping Automation Software,https://statwharf.com/best/shipping-automation-software/,2026-09-23,2026-09-23,10
shipping-management-software,Shipping Management Software,https://statwharf.com/best/shipping-management-software/,2026-09-20,2026-09-23,10
shopify-fulfillment-services,Shopify Fulfillment Services,https://statwharf.com/best/shopify-fulfillment-services/,2026-09-23,2026-09-23,10
social-media-analytics-tools,Social Media Analytics Tools,https://statwharf.com/best/social-media-analytics-tools/,2026-09-22,2026-09-23,9
social-media-content-calendar-software,Social Media Content Calendar Software,https://statwharf.com/best/social-media-content-calendar-software/,2026-09-22,2026-09-22,10
social-media-management-tools-for-agencies,Social Media Management Tools For Agencies,https://statwharf.com/best/social-media-management-tools-for-agencies/,2026-09-23,2026-09-23,10
social-media-management-tools,Social Media Management Tools,https://statwharf.com/best/social-media-management-tools/,2026-09-19,2026-09-23,9
spend-management-software,Spend Management Software,https://statwharf.com/best/spend-management-software/,2026-09-19,2026-09-23,10
supply-chain-management-software,Supply Chain Management Software,https://statwharf.com/best/supply-chain-management-software/,2026-09-23,2026-09-23,10
supply-chain-visibility-software,Supply Chain Visibility Software,https://statwharf.com/best/supply-chain-visibility-software/,2026-09-22,2026-09-23,9
talent-acquisition-platforms,Talent Acquisition Platforms,https://statwharf.com/best/talent-acquisition-platforms/,2026-09-22,2026-09-22,9
tax-software,Tax Software,https://statwharf.com/best/tax-software/,2026-09-07,2026-09-23,10
test-automation-tools,Test Automation Tools,https://statwharf.com/best/test-automation-tools/,2026-09-07,2026-09-23,10
text-to-speech-apis,Text to Speech APIs,https://statwharf.com/best/text-to-speech-apis/,2026-09-18,2026-09-23,10
transportation-management-systems,Transportation Management Systems,https://statwharf.com/best/transportation-management-systems/,2026-09-19,2026-09-23,10
user-story-mapping-software,User Story Mapping Software,https://statwharf.com/best/user-story-mapping-software/,2026-09-25,2026-09-25,10
vendor-risk-management-platforms,Vendor Risk Management Platforms,https://statwharf.com/best/vendor-risk-management-platforms/,2026-09-22,2026-09-22,10
voice-of-customer-analytics-platforms,Voice of Customer Analytics Platforms,https://statwharf.com/best/voice-of-customer-analytics-platforms/,2026-09-22,2026-09-22,10
vulnerability-management-software,Vulnerability Management Software,https://statwharf.com/best/vulnerability-management-software/,2026-09-25,2026-09-25,10
warehouse-management-systems,Warehouse Management Systems,https://statwharf.com/best/warehouse-management-systems/,2026-09-19,2026-09-23,10
website-builders,Website Builders,https://statwharf.com/best/website-builders/,2026-09-22,2026-09-23,9
whatsapp-business-api-platforms,WhatsApp Business API Platforms,https://statwharf.com/best/whatsapp-business-api-platforms/,2026-09-18,2026-09-23,10
whatsapp-chatbot-platforms,WhatsApp Chatbot Platforms,https://statwharf.com/best/whatsapp-chatbot-platforms/,2026-09-23,2026-09-23,10
wholesale-ecommerce-platforms,Wholesale Ecommerce Platforms,https://statwharf.com/best/wholesale-ecommerce-platforms/,2026-09-23,2026-09-23,10
yard-management-software,Yard Management Software,https://statwharf.com/best/yard-management-software/,2026-09-20,2026-09-23,10
